"Time (s)","X (m/s^2)","Y (m/s^2)","Z (m/s^2)"
0.000000000E0,2.090865280E-1,-9.069566497E-1,6.931275401E0
9.982000003E-3,1.538135659E-1,-1.019083734E0,5.870840743E0
1.996400001E-2,1.460104566E-3,-1.104681709E0,4.543753754E0
2.994600000E-2,-5.204528080E-2,-1.207460265E0,2.970449871E0
3.992700001E-2,2.460431602E-2,-1.245885243E0,1.531273513E0
4.990900000E-2,4.805108434E-2,-1.223622846E0,2.287097472E-1
5.989100000E-2,1.777310533E-2,-1.146183784E0,-1.301046998E0
6.987300000E-2,-1.082804023E-1,-9.603405592E-1,-2.945489861E0
7.985500000E-2,-1.137884611E-1,-7.337144673E-1,-4.305500182E0
8.983700001E-2,-6.907527812E-2,-4.806174454E-1,-5.359028109E0
9.981900000E-2,-6.397530008E-2,-2.316394946E-1,-6.243065135E0
1.098010000E-1,-9.586458899E-2,1.086873136E-2,-7.047297024E0
1.197830000E-1,-6.850400515E-2,2.034775499E-1,-7.825759063E0
1.297650000E-1,-4.923959030E-2,3.439230651E-1,-8.266908680E0
1.397470000E-1,-3.155510226E-2,3.996799940E-1,-8.109285872E0
1.497290000E-1,-1.918261093E-2,3.783505207E-1,-7.787252224E0
1.597110000E-1,-1.742954487E-2,2.926527780E-1,-7.570221121E0
1.696930000E-1,-3.481361622E-2,1.344223715E-1,-7.034181719E0
1.796750000E-1,-5.522457641E-2,-7.098110497E-2,-6.051348383E0
1.896570000E-1,-2.710278559E-2,-3.106678301E-1,-4.818743629E0
1.996390000E-1,1.694548678E-2,-5.295201950E-1,-3.487589902E0
2.096210000E-1,6.130869566E-3,-6.983838362E-1,-2.255200326E0
2.196030000E-1,-4.821212945E-2,-8.318728459E-1,-9.769340801E-1
2.295850000E-1,-2.818778213E-2,-9.214406414E-1,6.330669290E-1
2.395670000E-1,4.916322475E-2,-9.341304150E-1,2.302895479E0
2.495480000E-1,1.255760824E-1,-9.133824474E-1,3.648087201E0
2.595300000E-1,4.517229907E-2,-8.322608086E-1,4.809200388E0
2.695120000E-1,-2.841332020E-2,-7.093236843E-1,5.889787475E0
2.794940000E-1,-1.913084708E-2,-6.384422743E-1,6.819900561E0
2.894760000E-1,7.834989404E-2,-5.948889962E-1,7.547915162E0
2.994580000E-1,1.465472310E-1,-5.590917572E-1,8.043553813E0
3.094400000E-1,5.770708490E-2,-5.639455310E-1,8.149138155E0
3.194220000E-1,-4.633956777E-2,-6.133249748E-1,7.859798044E0
3.294040000E-1,-1.048796251E-1,-6.909651813E-1,7.420582686E0
3.393860000E-1,-4.789414141E-2,-8.080419338E-1,6.826875705E0
3.493680000E-1,7.303939797E-2,-9.581431755E-1,5.943567826E0
3.593500000E-1,6.351762755E-2,-1.078668616E0,4.840047374E0
3.693320000E-1,-3.130524343E-2,-1.140797329E0,3.540649876E0
3.793140000E-1,-8.401400048E-2,-1.190599819E0,2.010604278E0
3.892960000E-1,-5.913791684E-2,-1.182945813E0,5.485822642E-1
3.992780000E-1,4.694162998E-3,-1.110157188E0,-7.179632378E-1
4.092600000E-1,2.119516089E-2,-9.748229429E-1,-2.048923422E0
4.192420000E-1,-4.885579825E-2,-7.806684861E-1,-3.490045148E0
4.292240000E-1,-6.816779025E-2,-5.453016838E-1,-4.742914013E0
4.392050000E-1,-3.314896189E-2,-3.132405319E-1,-5.693126902E0
4.491870000E-1,-1.862134675E-2,-7.268995374E-2,-6.440331481E0
4.591690000E-1,-1.525013228E-2,1.216351687E-1,-7.051890596E0
4.691510000E-1,-2.036322087E-2,2.788134418E-1,-7.563812572E0
4.791330000E-1,-4.157948198E-3,3.717532535E-1,-7.839780686E0
4.891150000E-1,-6.620176448E-3,3.882849401E-1,-7.655982817E0
4.990970000E-1,-1.032522353E-2,3.298456742E-1,-7.199487183E0
5.090798333E-1,-2.138887275E-2,2.138035865E-1,-6.741644350E0
5.190618333E-1,-4.755291070E-2,5.285766006E-2,-6.070861126E0
5.290438333E-1,-7.284770523E-2,-1.568892744E-1,-5.101156543E0
5.390258333E-1,-5.253248177E-2,-3.536217687E-1,-3.865041121E0
5.490078333E-1,-1.453517312E-2,-5.408551687E-1,-2.520753964E0
5.589898333E-1,-1.638906939E-2,-6.634780052E-1,-1.244440688E0
5.689718333E-1,-6.384178257E-2,-7.513145864E-1,1.924026310E-2
5.789538333E-1,-6.745413758E-2,-7.959744501E-1,1.466033204E0
5.889358333E-1,2.185628911E-2,-7.878795648E-1,2.954067727E0
5.989178333E-1,9.930655248E-2,-7.399946693E-1,4.226481494E0
6.088988333E-1,7.858497038E-2,-6.573852065E-1,5.259596207E0
6.188808333E-1,2.001585972E-2,-5.690793863E-1,6.146789560E0
6.288628333E-1,-1.986017760E-2,-4.933827943E-1,6.856148620E0
6.388448333E-1,5.157231415E-2,-4.778137055E-1,7.375775473E0
6.488268333E-1,9.400078900E-2,-4.827139646E-1,7.679944707E0
6.588088333E-1,8.386135161E-2,-5.113547963E-1,7.638791419E0
6.687908333E-1,7.960180119E-3,-5.820105037E-1,7.245143412E0
6.787728333E-1,-5.857777186E-2,-6.612037307E-1,6.652018229E0
6.887548333E-1,-2.265010346E-2,-7.763538256E-1,5.888022201E0
6.987368333E-1,4.450472977E-2,-8.973657542E-1,4.943315050E0
7.087188333E-1,7.051394898E-2,-9.785531741E-1,3.834978247E0
7.187008333E-1,2.102514395E-2,-1.014178213E0,2.530520568E0
7.286828333E-1,-3.698021290E-2,-1.010016749E0,1.087107902E0
7.386648333E-1,-3.830890129E-2,-9.513592359E-1,-2.892985958E-1
7.486468333E-1,3.691090512E-2,-8.650025851E-1,-1.525393553E0
7.586288333E-1,2.269580310E-2,-7.342436403E-1,-2.746269962E0
7.686108333E-1,-1.670899888E-2,-5.400887449E-1,-3.958560319E0
7.785918333E-1,-5.246088079E-2,-3.427291368E-1,-5.063472993E0
7.885738333E-1,-3.287974786E-2,-1.364480663E-1,-5.910721677E0
7.985558333E-1,-3.105895459E-2,5.083737396E-2,-6.507121301E0
8.085378333E-1,-4.454268185E-2,1.781561825E-1,-6.931746687E0
8.185198333E-1,-4.838208242E-2,2.736371210E-1,-7.262689152E0
8.285018333E-1,-4.713179240E-2,3.101742520E-1,-7.353771231E0
8.384838333E-1,-4.972989761E-2,2.745281636E-1,-7.069063284E0
8.484658333E-1,-5.541603617E-2,2.006286402E-1,-6.556460107E0
8.584478333E-1,-4.077950065E-2,7.210983686E-2,-5.925650203E0
8.684298333E-1,-5.243066256E-2,-6.306909129E-2,-5.137095870E0
8.784118333E-1,-5.506626304E-2,-2.203515910E-1,-4.146900889E0
8.883938333E-1,-2.997599772E-2,-3.810618746E-1,-2.924107178E0
8.983758333E-1,1.321389425E-2,-5.226467930E-1,-1.603656780E0
9.083578333E-1,1.577490161E-2,-6.271640186E-1,-3.496108711E-1
9.183398333E-1,-2.986797955E-2,-6.757153505E-1,8.998981833E-1
9.283218333E-1,-3.842453912E-2,-6.981502399E-1,2.242534672E0
9.383028333E-1,4.029475277E-2,-6.813105512E-1,3.525747662E0
9.482848333E-1,7.209143640E-2,-6.167549515E-1,4.633564063E0
9.582668333E-1,5.981911747E-2,-5.388615605E-1,5.560834233E0
9.682488333E-1,1.917307494E-2,-4.710858992E-1,6.295293635E0
9.782308333E-1,3.220207840E-3,-4.358149096E-1,6.802939543E0
9.882128333E-1,3.231995462E-2,-4.334733921E-1,7.130256734E0
9.981948333E-1,4.984672772E-2,-4.577896231E-1,7.241719283E0
1.008176833E0,5.041776314E-2,-5.141716924E-1,7.015109856E0
1.018158833E0,5.729704890E-3,-5.920452029E-1,6.541001238E0
1.028140833E0,-1.973203221E-2,-6.772593078E-1,5.860487663E0
1.038122833E0,1.158523455E-2,-7.925342408E-1,4.982439939E0
1.048104833E0,3.775982033E-2,-8.855154946E-1,3.983247848E0
1.058086833E0,6.136316612E-2,-9.343201572E-1,2.855526356E0
1.068068833E0,1.831125017E-2,-9.424344845E-1,1.554128525E0
1.078050833E0,-3.652189169E-3,-9.078919119E-1,2.105500495E-1
1.088032833E0,2.064341214E-3,-8.131446527E-1,-1.054433661E0
1.098013833E0,3.021262723E-2,-6.879649749E-1,-2.247156311E0
1.107995833E0,8.452314679E-3,-5.254759683E-1,-3.374601815E0
1.117977833E0,-2.757054457E-2,-3.513096334E-1,-4.409446135E0
1.127959833E0,-5.909691324E-2,-1.773732403E-1,-5.300714412E0
1.137941833E0,-7.739944741E-2,-2.091329768E-2,-6.031708755E0
1.147923833E0,-8.487568821E-2,1.004898097E-1,-6.509716880E0
1.157905833E0,-9.951779229E-2,1.947459027E-1,-6.778865971E0
1.167887833E0,-1.048651715E-1,2.480448814E-1,-6.916713495E0
1.177869833E0,-8.143454698E-2,2.662255559E-1,-6.811838420E0
1.187851833E0,-4.542054992E-2,2.416475158E-1,-6.443215912E0
1.197833833E0,-1.858468973E-2,1.570214215E-1,-5.873128758E0
1.207815833E0,1.705855731E-2,4.302571312E-2,-5.101982170E0
1.217797833E0,3.061539075E-2,-9.026960760E-2,-4.222617654E0
1.227779833E0,3.991995539E-2,-2.404110490E-1,-3.188268009E0
1.237761833E0,4.160071925E-2,-3.835678451E-1,-1.977635922E0
1.247743833E0,3.841833559E-2,-5.103321183E-1,-7.281713068E-1
1.257724833E0,1.293475365E-2,-6.058047245E-1,4.855364156E-1
1.267706833E0,-3.794241792E-2,-6.534693262E-1,1.726969880E0
1.277688833E0,-2.524714429E-2,-6.556348425E-1,2.953934995E0
1.287670833E0,-2.922630245E-2,-6.271472079E-1,4.037587777E0
1.297652833E0,-2.355706142E-2,-5.674076673E-1,4.964181424E0
1.307634833E0,-1.181066299E-2,-4.797394860E-1,5.754071846E0
1.317616833E0,-7.622613050E-3,-4.059312522E-1,6.331166888E0
1.327598833E0,2.835068190E-2,-3.660865706E-1,6.669357562E0
1.337580833E0,4.327597395E-2,-3.500920969E-1,6.820829684E0
1.347562833E0,6.990474220E-2,-3.756941307E-1,6.730831094E0
1.357544833E0,8.003069445E-2,-4.416896072E-1,6.354731167E0
1.367526833E0,5.935049968E-2,-5.273963401E-1,5.798047001E0
1.377508833E0,5.969353024E-2,-6.300313470E-1,5.034840932E0
1.387490833E0,4.047804471E-2,-7.342249292E-1,4.103605181E0
1.397472833E0,2.842090331E-2,-8.200962612E-1,3.036041012E0
1.407454833E0,-1.893438064E-3,-8.517261896E-1,1.870840037E0
1.417435833E0,-1.021529588E-2,-8.630510768E-1,6.440322125E-1
1.427417833E0,-2.074587545E-2,-8.002660140E-1,-5.682751018E-1
1.437399833E0,-1.843821698E-2,-6.849475193E-1,-1.745185127E0
1.447381833E0,-2.937592722E-2,-5.452100287E-1,-2.867062327E0
1.457363833E0,-1.540580526E-2,-3.592722255E-1,-3.870078498E0
1.467345833E0,-1.918929183E-2,-1.974407382E-1,-4.728300067E0
1.477327833E0,-2.478140443E-2,-3.577143811E-2,-5.473865671E0
1.487309833E0,-2.254104375E-2,1.119291562E-1,-6.052949935E0
1.497291833E0,-3.335277390E-2,2.089416998E-1,-6.405601943E0
1.507273833E0,-3.791501366E-2,2.677398386E-1,-6.529661148E0
1.517256208E0,-3.897308561E-2,2.834615397E-1,-6.477163092E0
1.527238208E0,-4.174019819E-2,2.432804970E-1,-6.216263838E0
1.537220208E0,-4.273321986E-2,1.637722512E-1,-5.777268920E0
1.547202208E0,-4.663085961E-2,6.647260934E-2,-5.117753865E0
1.557184208E0,-3.545482052E-2,-7.510777742E-2,-4.260152101E0
1.567165208E0,-3.370621067E-2,-1.983512959E-1,-3.307003909E0
1.577147208E0,-3.177576156E-2,-3.317571290E-1,-2.242883166E0
1.587129208E0,-3.215696348E-2,-4.353700827E-1,-1.096862812E0
1.597111208E0,-2.607910258E-2,-5.075289631E-1,9.115984619E-2
1.607093208E0,-2.645039164E-2,-5.411890447E-1,1.290571711E0
1.617075208E0,1.021380667E-3,-5.561070460E-1,2.461494772E0
1.627057208E0,1.393585179E-2,-5.221891022E-1,3.517974374E0
1.637039208E0,1.027235191E-2,-4.810752824E-1,4.415077588E0
1.647021208E0,2.057657115E-2,-4.226797244E-1,5.214560952E0
1.657003208E0,4.115818553E-2,-3.750082523E-1,5.848803756E0
1.666985208E0,6.400968902E-2,-3.456417811E-1,6.246105688E0
1.676967208E0,7.251746088E-2,-3.370867199E-1,6.438458617E0
1.686949208E0,4.589908971E-2,-3.472100043E-1,6.416700543E0
1.696931208E0,3.397504555E-2,-3.990177968E-1,6.125222105E0
1.706913208E0,3.491120305E-2,-4.682657871E-1,5.664659733E0
1.716895208E0,2.846578069E-2,-5.603164566E-1,5.024156899E0
1.726876208E0,3.572931988E-2,-6.506749418E-1,4.187418001E0
1.736858208E0,2.804160174E-3,-7.179866266E-1,3.204342590E0
1.746840208E0,-9.598789215E-3,-7.464030714E-1,2.116333047E0
1.756822208E0,-3.080610135E-2,-7.631103207E-1,9.743665677E-1
1.766804208E0,-1.472511627E-2,-7.141080223E-1,-1.704393196E-1
1.776786208E0,-7.445013011E-3,-6.285420612E-1,-1.288128160E0
1.786768208E0,-2.038768781E-3,-5.002443556E-1,-2.418468035E0
1.796750208E0,-4.862809489E-3,-3.466040866E-1,-3.442056465E0
1.806732208E0,1.926594974E-2,-1.755473010E-1,-4.273365054E0
1.816714208E0,1.965352878E-2,-3.455397472E-2,-4.984287660E0
1.826696208E0,7.045351253E-3,9.826560192E-2,-5.574464092E0
1.836678208E0,-6.784222824E-3,1.922179321E-1,-6.005750626E0
1.846660208E0,-3.453486163E-2,2.476368188E-1,-6.212103544E0
1.856642208E0,-3.799032397E-2,2.589343704E-1,-6.179724002E0
1.866624208E0,-5.295220679E-2,2.165893462E-1,-5.957911631E0
1.876605208E0,-7.089931704E-2,1.520670757E-1,-5.604945627E0
1.886587208E0,-8.261725598E-2,6.239446878E-2,-5.076430423E0
1.896569208E0,-8.014312545E-2,-5.063732609E-2,-4.320495951E0
1.906551208E0,-6.192741330E-2,-1.677349824E-1,-3.401671500E0
1.916533208E0,-3.466385669E-2,-2.674745943E-1,-2.396238676E0
1.926515208E0,-3.283955282E-2,-3.636820494E-1,-1.338131209E0
1.936497208E0,-2.660809287E-2,-4.320450635E-1,-2.787917340E-1
1.946479208E0,-2.615825012E-2,-4.719179580E-1,8.545998037E-1
1.956461208E0,8.170588519E-3,-4.893812522E-1,2.020571442E0
1.966443208E0,3.484633550E-2,-4.705079019E-1,3.078188328E0
1.976425208E0,2.015911650E-2,-4.369077542E-1,3.967919957E0
1.986407208E0,-6.821233872E-3,-4.045784989E-1,4.708987298E0
1.996389208E0,2.757546902E-3,-3.598347276E-1,5.359929750E0
2.006371208E0,3.425715543E-2,-3.366353148E-1,5.833715601E0
2.016353208E0,6.693020878E-2,-3.376179394E-1,6.087472481E0
2.026335208E0,5.004125727E-2,-3.477157885E-1,6.123286677E0
2.036316208E0,1.686234668E-2,-3.789060062E-1,5.892455560E0
2.046298208E0,-1.809694972E-3,-4.334669602E-1,5.485189388E0
2.056280208E0,2.180227546E-2,-4.969650909E-1,4.937158517E0
2.066262208E0,5.787018567E-2,-5.776253843E-1,4.217408955E0
2.076244208E0,3.489355177E-2,-6.450025579E-1,3.347355545E0
2.086226208E0,1.313430816E-3,-6.712524632E-1,2.305753598E0
2.096208208E0,-3.466673462E-2,-6.765278211E-1,1.197817914E0
2.106190208E0,-1.751982953E-2,-6.587560862E-1,1.178547245E-1
2.116172208E0,7.947599469E-3,-5.819312739E-1,-9.161633831E-1
2.126154208E0,-2.293945841E-2,-4.886567822E-1,-1.947559599E0
2.136136208E0,-4.945443437E-2,-3.572654611E-1,-3.011882071E0
2.146118208E0,-5.378055168E-2,-2.117482902E-1,-3.887762232E0
2.156100208E0,-5.402301470E-2,-7.871185496E-2,-4.552225201E0
2.166082208E0,-3.667126064E-2,5.955031000E-2,-5.110090504E0
2.176064208E0,-4.619378937E-2,1.742724618E-1,-5.592968776E0
2.186045208E0,-4.623669789E-2,2.532182054E-1,-5.891678465E0
2.196027208E0,-1.986936869E-2,2.951476387E-1,-5.949288742E0
2.206009208E0,5.333418986E-3,2.911313324E-1,-5.746699092E0
2.215991208E0,1.646731701E-2,2.521992550E-1,-5.390056944E0
2.225973208E0,1.003143749E-2,1.724801441E-1,-4.963790830E0
2.235955208E0,6.252811421E-3,6.275100276E-2,-4.337210802E0
2.245937208E0,8.841355518E-3,-6.595717728E-2,-3.497118525E0
2.255919208E0,3.201651153E-2,-1.875957812E-1,-2.532639014E0
2.265901208E0,1.825045740E-2,-2.978551188E-1,-1.506569027E0
2.275883208E0,-2.935569950E-2,-3.869539677E-1,-5.107203734E-1
2.285865208E0,-6.001442361E-2,-4.501698241E-1,5.218452859E-1
2.295847208E0,-4.408946782E-2,-4.770591223E-1,1.625296741E0
2.305829208E0,1.059265142E-2,-4.847490880E-1,2.710118381E0
2.315811208E0,1.876627319E-2,-4.587883276E-1,3.610451013E0
2.325793208E0,-1.340214718E-2,-3.965593350E-1,4.321331518E0
2.335774208E0,-2.269901907E-2,-3.466492563E-1,4.932853212E0
2.345756208E0,6.260211803E-3,-3.114726993E-1,5.447171962E0
2.355738208E0,7.700348128E-2,-3.110019985E-1,5.758851945E0
2.365720208E0,9.275644669E-2,-3.144211578E-1,5.847185247E0
2.375702208E0,4.398443721E-2,-3.401959768E-1,5.689784634E0
2.385684208E0,-6.822914947E-3,-3.778497067E-1,5.311658646E0
2.395666208E0,-7.285886519E-3,-4.435037059E-1,4.799559499E0
2.405648208E0,4.660802806E-2,-5.107887858E-1,4.193445895E0
2.415630208E0,6.396656580E-2,-5.773105118E-1,3.415927597E0
2.425612208E0,2.973873781E-2,-6.038115549E-1,2.462057274E0
2.435594208E0,-3.046061313E-2,-5.996306495E-1,1.386719232E0
2.445576208E0,-2.845841685E-2,-5.828997190E-1,3.361201751E-1
2.455558208E0,1.819856336E-2,-5.402969058E-1,-6.382440537E-1
2.465540208E0,1.359851313E-2,-4.673071361E-1,-1.585066143E0
2.475522208E0,-2.526020003E-2,-3.401772657E-1,-2.606651900E0
2.485503208E0,-3.933790161E-2,-2.116316383E-1,-3.528583562E0
2.495485208E0,-3.541924386E-2,-8.786362454E-2,-4.234464113E0
2.505467208E0,-1.790680101E-2,3.601811752E-2,-4.749873953E0
2.515448583E0,-3.032014291E-2,1.335102790E-1,-5.188339114E0
2.525430583E0,-4.618158788E-2,2.250949254E-1,-5.555333757E0
2.535412583E0,-4.919699699E-2,2.709416277E-1,-5.685530784E0
2.545394583E0,-4.123945269E-2,2.752296102E-1,-5.549150911E0
2.555376583E0,-3.095522362E-2,2.268930173E-1,-5.209752202E0
2.565358583E0,-2.925866313E-2,1.712395111E-1,-4.801255192E0
2.575340583E0,-4.135714618E-2,9.185931936E-2,-4.282574419E0
2.585322583E0,-5.254355494E-2,-2.212747201E-2,-3.559527027E0
2.595304583E0,-2.429016522E-2,-1.305836745E-1,-2.637803527E0
2.605286583E0,1.197322472E-2,-2.334258190E-1,-1.647039612E0
2.615268583E0,9.697634568E-3,-3.093279406E-1,-7.016138381E-1
2.625250583E0,-2.618333833E-2,-3.654721744E-1,2.628253269E-1
2.635232583E0,-3.079525659E-2,-3.940976572E-1,1.270725092E0
2.645213583E0,2.971227916E-2,-4.095123795E-1,2.317386634E0
2.655195583E0,6.629012140E-2,-4.019229859E-1,3.258570837E0
2.665177583E0,3.340311477E-2,-3.661213616E-1,3.988647752E0
2.675159583E0,-9.887586851E-3,-3.357833755E-1,4.566754947E0
2.685141583E0,-2.198308233E-2,-3.059064424E-1,5.056487324E0
2.695123583E0,3.414079584E-2,-3.092530963E-1,5.407451241E0
2.705105583E0,6.735782297E-2,-3.041414604E-1,5.571431141E0
2.715087583E0,4.573531285E-2,-3.257746965E-1,5.500519034E0
2.725069583E0,-8.502125647E-3,-3.631603315E-1,5.163642229E0
2.735051583E0,-3.011454932E-2,-3.992709813E-1,4.688560635E0
2.745033583E0,7.042258624E-3,-4.588201949E-1,4.109202136E0
2.755015583E0,6.846561452E-2,-5.193227971E-1,3.434958529E0
2.764997583E0,4.772184955E-2,-5.604073808E-1,2.582052664E0
2.774979583E0,-1.293429684E-2,-5.589284737E-1,1.564231344E0
2.784961583E0,-3.976551580E-2,-5.311005512E-1,5.318083566E-1
2.794942583E0,-8.695851211E-3,-5.026960932E-1,-4.240003181E-1
2.804924583E0,1.125589927E-2,-4.275485547E-1,-1.318853524E0
2.814906583E0,-5.893600518E-3,-3.293916379E-1,-2.251650481E0
2.824888583E0,-5.447700989E-2,-2.184377973E-1,-3.166150331E0
2.834870583E0,-5.821220668E-2,-8.684328541E-2,-3.914515582E0
2.844852583E0,-4.209827162E-2,1.137005702E-2,-4.451077141E0
2.854834583E0,-4.430739995E-2,1.096325161E-1,-4.854018127E0
2.864816583E0,-6.594844757E-2,1.871382366E-1,-5.211819777E0
2.874798583E0,-7.534291314E-2,2.269689580E-1,-5.412751742E0
2.884780583E0,-6.780160380E-2,2.333485626E-1,-5.355120415E0
2.894762583E0,-4.631383545E-2,2.098704569E-1,-5.072744923E0
2.904744583E0,-2.734859248E-2,1.555685346E-1,-4.663340424E0
2.914726583E0,-1.681545018E-2,1.055510134E-1,-4.179142436E0
2.924708583E0,-7.290052660E-3,3.414788559E-2,-3.577431786E0
2.934690583E0,8.364113085E-3,-6.417786956E-2,-2.751572801E0
2.944672583E0,4.519196033E-2,-1.603832781E-1,-1.779092546E0
2.954653583E0,6.108355958E-2,-2.312709738E-1,-8.365728378E-1
2.964635583E0,2.680413905E-2,-2.955504388E-1,5.389554083E-2
2.974617583E0,-1.662606435E-2,-3.351349193E-1,1.004815359E0
2.984599583E0,1.662052777E-3,-3.728900984E-1,2.001044666E0
2.994581583E0,4.749227325E-2,-3.840401539E-1,2.918868073E0
3.004563583E0,2.443871191E-2,-3.698463303E-1,3.686838453E0
3.014545583E0,-2.510569649E-2,-3.355828160E-1,4.265960140E0
3.024527583E0,-6.778976776E-2,-3.024030831E-1,4.727120683E0
3.034509583E0,-4.478415359E-2,-2.839136025E-1,5.090565482E0
3.044491583E0,-2.390579302E-3,-2.848561737E-1,5.304711569E0
3.054473583E0,2.002351591E-2,-2.986608651E-1,5.272003999E0
3.064455583E0,-8.568637725E-3,-3.106014642E-1,5.027835383E0
3.074437583E0,-4.794444574E-2,-3.438785532E-1,4.595283512E0
3.084419583E0,-1.734466888E-2,-3.887728903E-1,4.031282725E0
3.094400583E0,3.757302007E-2,-4.364449471E-1,3.408632610E0
3.104382583E0,7.461063618E-2,-4.655927324E-1,2.653843608E0
3.114364583E0,5.278710061E-2,-4.826505223E-1,1.718932883E0
3.124346583E0,1.521048085E-2,-4.584861727E-1,7.135550219E-1
3.134328583E0,3.254821530E-2,-4.134803000E-1,-2.263708609E-1
3.144310583E0,6.530480160E-2,-3.703085527E-1,-1.102339899E0
3.154292583E0,3.986583210E-2,-2.936191034E-1,-1.968538240E0
3.164274583E0,3.917305581E-3,-2.044987661E-1,-2.834444219E0
3.174256583E0,-3.189033958E-2,-8.812484890E-2,-3.600630029E0
3.184238583E0,-3.689989134E-2,7.902804315E-3,-4.166354576E0
3.194220583E0,-3.516109386E-2,1.006533855E-1,-4.571290047E0
3.204202583E0,-5.032365495E-2,1.524481679E-1,-4.891635604E0
3.214184583E0,-6.798208177E-2,2.119539660E-1,-5.131179657E0
3.224166583E0,-7.601589569E-2,2.351894854E-1,-5.138041365E0
3.234148583E0,-4.617416009E-2,2.119425640E-1,-4.899306566E0
3.244130583E0,-4.453461452E-2,1.602331509E-1,-4.532955701E0
3.254111583E0,-4.330837118E-2,8.870957047E-2,-4.060467348E0
3.264093583E0,-5.843434148E-2,-1.533139944E-3,-3.501260108E0
3.274075583E0,-5.309058024E-2,-9.157572940E-2,-2.798147628E0
3.284057583E0,-2.562531296E-2,-1.925362399E-1,-1.888080552E0
3.294039583E0,8.132654708E-4,-2.615554579E-1,-9.649449492E-1
3.304021583E0,-7.058786144E-3,-3.046919757E-1,-9.509151399E-2
3.314003583E0,-2.274504762E-2,-3.331456965E-1,7.899260902E-1
3.323985583E0,-9.487893116E-3,-3.375512812E-1,1.705397748E0
3.333967583E0,6.370930659E-2,-3.193374968E-1,2.593595653E0
3.343949583E0,9.102475723E-2,-2.944482386E-1,3.378313043E0
3.353931583E0,6.602008967E-2,-2.522360194E-1,3.967657417E0
3.363913583E0,3.686338736E-2,-2.204947016E-1,4.411172233E0
3.373895583E0,3.011983009E-2,-1.995923674E-1,4.778179155E0
3.383877583E0,6.070763843E-2,-2.038321835E-1,5.005486740E0
3.393858583E0,7.635160809E-2,-2.300999227E-1,5.029909975E0
3.403840583E0,4.107455207E-2,-2.655106607E-1,4.854613373E0
3.413822583E0,-2.787614381E-2,-2.918561679E-1,4.484001642E0
3.423804583E0,-5.430897553E-2,-3.481905824E-1,3.962535256E0
3.433786583E0,-3.417798048E-2,-4.033573079E-1,3.364921165E0
3.443768583E0,-3.158300444E-3,-4.320802930E-1,2.685860623E0
3.453750583E0,-8.289935673E-3,-4.422930399E-1,1.847885038E0
3.463732583E0,-4.224247858E-2,-4.276242761E-1,9.010179251E-1
3.473714583E0,-3.201544259E-2,-3.923870543E-1,-2.762166202E-2
3.483696583E0,-3.517684937E-3,-3.351401818E-1,-8.755644107E-1
3.493678583E0,1.177703236E-2,-2.652909516E-1,-1.701071978E0
3.503660583E0,3.209792487E-3,-1.846961470E-1,-2.534985502E0
3.513642125E0,-1.150211273E-2,-7.830956653E-2,-3.291129304E0
3.523624125E0,1.539708925E-3,1.896749049E-2,-3.889350336E0
3.533606125E0,1.771103349E-2,9.405070961E-2,-4.310228240E0
3.543588125E0,1.271182399E-2,1.551009035E-1,-4.610337169E0
3.553569125E0,8.099983390E-3,2.023219939E-1,-4.856122540E0
3.563551125E0,-2.385408171E-3,2.345145705E-1,-4.914044473E0
3.573533125E0,-4.405890699E-3,2.211604071E-1,-4.749619015E0
3.583515125E0,3.968884419E-3,1.685391207E-1,-4.413469019E0
3.593497125E0,-7.281464562E-3,1.055878508E-1,-3.968770727E0
3.603479125E0,-3.560157649E-2,2.800582409E-2,-3.437139541E0
3.613461125E0,-5.546486042E-2,-5.980766058E-2,-2.796440241E0
3.623443125E0,-4.968192760E-2,-1.446088059E-1,-1.971146683E0
3.633425125E0,-3.387207974E-2,-2.227188362E-1,-1.088831661E0
3.643407125E0,-4.239932100E-2,-2.738506906E-1,-2.453632021E-1
3.653389125E0,-5.216703080E-2,-2.969805215E-1,5.969539404E-1
3.663371125E0,-5.246054275E-2,-3.084347785E-1,1.457436043E0
3.673353125E0,-1.546036709E-2,-3.127585021E-1,2.319812644E0
3.683335125E0,3.145575441E-2,-2.919275039E-1,3.070196353E0
3.693317125E0,2.847643359E-2,-2.526207662E-1,3.699740335E0
3.703298125E0,1.723927282E-2,-2.233294317E-1,4.151469904E0
3.713280125E0,4.211548436E-3,-2.035406998E-1,4.494075810E0
3.723262125E0,4.769137094E-2,-1.917489123E-1,4.744203324E0
3.733244125E0,7.232925363E-2,-2.070648167E-1,4.793715792E0
3.743226125E0,6.469445279E-2,-2.408058822E-1,4.657382112E0
3.753208125E0,2.138920622E-2,-2.649285704E-1,4.344907492E0
3.763190125E0,-1.110015320E-2,-3.061517331E-1,3.875545059E0
3.773172125E0,1.856308244E-4,-3.593558407E-1,3.298271093E0
3.783154125E0,1.058600022E-2,-4.084590036E-1,2.662776400E0
3.793136125E0,7.077634279E-3,-4.278676665E-1,1.916378737E0
3.803118125E0,-4.592371196E-2,-4.261211032E-1,1.025436734E0
3.813100125E0,-5.297533527E-2,-3.934060778E-1,1.241521758E-1
3.823082125E0,-2.683307363E-2,-3.515343127E-1,-6.895516169E-1
3.833064125E0,-1.615575635E-2,-2.879785869E-1,-1.492186630E0
3.843046125E0,-2.457603925E-2,-2.009174927E-1,-2.274783236E0
3.853027125E0,-3.138312103E-2,-1.099364251E-1,-2.995937299E0
3.863009125E0,-2.601522175E-2,-9.121948779E-3,-3.612932571E0
3.872991125E0,-2.411287125E-2,7.335390508E-2,-4.061222223E0
3.882973125E0,-1.542981539E-2,1.428923558E-1,-4.352446892E0
3.892955125E0,-2.795572990E-2,1.805550027E-1,-4.590363080E0
3.902937125E0,-2.902014698E-2,2.100878271E-1,-4.687554914E0
3.912919125E0,-2.378702145E-2,2.085112716E-1,-4.579275590E0
3.922901125E0,-1.624344174E-2,1.828897959E-1,-4.295651132E0
3.932883125E0,-5.856150929E-3,1.335701399E-1,-3.883853953E0
3.942865125E0,-1.074868072E-2,6.848507479E-2,-3.378729950E0
3.952847125E0,-2.671471319E-2,-3.425298929E-3,-2.792156571E0
3.962829125E0,-1.809838411E-2,-8.563042670E-2,-2.051113788E0
3.972811125E0,-7.661643215E-3,-1.593003738E-1,-1.190044041E0
3.982793125E0,-1.215295351E-2,-2.233208071E-1,-3.583606446E-1
3.992775125E0,-4.093170642E-2,-2.437218887E-1,4.451415110E-1
4.002756125E0,-5.030315772E-2,-2.611702725E-1,1.271870561E0
4.012738125E0,-2.194215182E-2,-2.744764888E-1,2.077509874E0
4.022720125E0,1.573339552E-3,-2.538518974E-1,2.817821755E0
4.032702125E0,1.496887207E-2,-2.323145556E-1,3.448685453E0
4.042684125E0,1.048000116E-2,-2.200102597E-1,3.918070689E0
4.052666125E0,4.491337705E-3,-2.040324506E-1,4.252575279E0
4.062648125E0,2.142675631E-2,-2.002957875E-1,4.495231220E0
4.072630125E0,3.918617550E-2,-2.124875244E-1,4.579660921E0
4.082612125E0,4.678859739E-2,-2.350732720E-1,4.487017636E0
4.092594125E0,2.915291989E-2,-2.438388330E-1,4.213525234E0
4.102576125E0,-1.170210578E-3,-2.760575759E-1,3.794771038E0
4.112558125E0,1.727073815E-2,-3.179294872E-1,3.239905356E0
4.122540125E0,2.947683737E-2,-3.509378967E-1,2.644754112E0
4.132522125E0,3.386248665E-2,-3.639866893E-1,1.955119464E0
4.142503125E0,2.333459314E-3,-3.660947567E-1,1.115514261E0
4.152485125E0,-2.216496728E-2,-3.430918103E-1,2.644017363E-1
4.162467125E0,-2.837894954E-2,-3.127405219E-1,-5.348261046E-1
4.172449125E0,-2.105918571E-2,-2.622672102E-1,-1.317701622E0
4.182431125E0,-2.647490426E-2,-1.902980720E-1,-2.064687515E0
4.192413125E0,-4.087007311E-2,-1.045859304E-1,-2.759840764E0
4.202395125E0,-5.536479995E-2,-2.256820589E-2,-3.379101833E0
4.212377125E0,-3.842746273E-2,7.207804263E-2,-3.836497938E0
4.222359125E0,-2.722210076E-2,1.276132889E-1,-4.133279216E0
4.232341125E0,-2.692795841E-2,1.960289280E-1,-4.346869233E0
4.242323125E0,-1.717939368E-2,2.232567801E-1,-4.478342707E0
4.252305125E0,-1.175570373E-2,2.304506095E-1,-4.405308060E0
4.262287125E0,-4.522378198E-3,2.020031744E-1,-4.158986499E0
4.272269125E0,8.674298739E-3,1.514845468E-1,-3.779082373E0
4.282251125E0,1.339499348E-2,9.841097832E-2,-3.300578989E0
4.292232125E0,-1.082420116E-3,3.131023183E-2,-2.747293224E0
4.302214125E0,-1.452850364E-3,-5.255945206E-2,-2.084326558E0
4.312196125E0,1.080595602E-2,-1.124423955E-1,-1.266885225E0
4.322178125E0,1.027623483E-2,-1.789780086E-1,-4.619230199E-1
4.332160125E0,-5.468096808E-3,-2.229081398E-1,3.113636488E-1
4.342142125E0,-2.950477609E-2,-2.444017737E-1,1.098126980E0
4.352124125E0,-2.253547976E-2,-2.468878636E-1,1.876062185E0
4.362106125E0,-4.855984692E-3,-2.604826400E-1,2.589440036E0
4.372088125E0,6.816154104E-3,-2.487086865E-1,3.215342372E0
4.382070125E0,-1.382442579E-2,-2.240457156E-1,3.699042762E0
4.392052125E0,-2.607737582E-2,-2.170790505E-1,4.024643211E0
4.402034125E0,-1.642623575E-2,-2.180303925E-1,4.269997643E0
4.412016125E0,1.117220186E-3,-2.013646585E-1,4.378072314E0
4.421997125E0,3.133367551E-2,-2.217506835E-1,4.302287137E0
4.431979125E0,3.335149482E-2,-2.433891821E-1,4.064129459E0
4.441961125E0,1.377490718E-2,-2.772881225E-1,3.698004881E0
4.451943125E0,1.112186098E-2,-3.067706609E-1,3.190119238E0
4.461925125E0,3.323986782E-2,-3.275624827E-1,2.605951989E0
4.471907125E0,4.563026397E-2,-3.433723305E-1,1.948367684E0
4.481889125E0,2.275239319E-2,-3.468001145E-1,1.177045680E0
4.491871125E0,1.449095355E-3,-3.241577952E-1,3.586307859E-1
4.501853125E0,-1.027100888E-2,-2.840241149E-1,-4.191190624E-1
4.511835375E0,-7.570444923E-3,-2.382046022E-1,-1.172181966E0
4.521817375E0,-1.790710707E-2,-1.819377230E-1,-1.903987318E0
4.531799375E0,-4.208492353E-2,-1.019899128E-1,-2.553091990E0
4.541781375E0,-5.145881421E-2,-1.559481651E-2,-3.157775949E0
4.551763375E0,-5.234914416E-2,6.245981142E-2,-3.630014627E0
4.561745375E0,-4.223243325E-2,1.341624628E-1,-3.941175377E0
4.571726375E0,-3.694897598E-2,1.888229656E-1,-4.145728523E0
4.581708375E0,-3.265299009E-2,2.279696359E-1,-4.272858685E0
4.591690375E0,-3.267083780E-2,2.221702212E-1,-4.235504918E0
4.601672375E0,-2.521071796E-2,2.009286024E-1,-4.019271959E0
4.611654375E0,-9.098048285E-3,1.654384884E-1,-3.682216814E0
4.621636375E0,-8.265651455E-3,1.117946702E-1,-3.214779870E0
4.631618375E0,-2.205569744E-2,4.207919508E-2,-2.688612907E0
4.641600375E0,-1.080741783E-2,-2.440013856E-2,-2.081555563E0
4.651582375E0,4.310859740E-4,-8.059129626E-2,-1.322688128E0
4.661564375E0,9.533300400E-3,-1.309022015E-1,-5.309365368E-1
4.671546375E0,2.692989073E-2,-1.682508530E-1,2.084485602E-1
4.681528375E0,7.713345392E-3,-1.871796057E-1,9.669177997E-1
4.691510375E0,7.475646939E-3,-2.040514541E-1,1.720526834E0
4.701492375E0,2.413997401E-2,-2.043952703E-1,2.399196197E0
4.711473375E0,3.526992973E-2,-2.016169658E-1,3.014431458E0
4.721455375E0,1.680186454E-2,-1.893860525E-1,3.498731772E0
4.731437375E0,9.964715280E-3,-1.795951822E-1,3.828128818E0
4.741419375E0,-1.429348212E-2,-1.901704565E-1,4.068304371E0
4.751401375E0,-1.728491765E-3,-2.042967448E-1,4.196982876E0
4.761383375E0,1.050375547E-2,-2.136207148E-1,4.148369125E0
4.771365375E0,-1.205988228E-4,-2.490142035E-1,3.943230674E0
4.781347375E0,-1.405089576E-2,-2.724112523E-1,3.614410747E0
4.791329375E0,-2.077634493E-2,-2.897988251E-1,3.122378075E0
4.801311375E0,-3.140137531E-4,-3.207840979E-1,2.559380085E0
4.811293375E0,1.736599294E-2,-3.189890027E-1,1.952816246E0
4.821275375E0,8.065457409E-3,-3.302340755E-1,1.237209436E0
4.831257375E0,-3.307806440E-3,-3.140060055E-1,4.523897195E-1
4.841239375E0,2.225724366E-3,-2.719121924E-1,-3.120811021E-1
4.851220375E0,-2.199749937E-3,-2.218604650E-1,-1.037472643E0
4.861202375E0,1.431275966E-2,-1.725415398E-1,-1.751884282E0
4.871184375E0,-3.826883873E-3,-8.550997406E-2,-2.375691560E0
4.881166375E0,-1.319442485E-2,-1.482371494E-2,-2.963291709E0
4.891148375E0,-2.861972691E-2,5.484702900E-2,-3.462391326E0
4.901130375E0,-2.652634148E-2,1.177886510E-1,-3.769878271E0
4.911112375E0,-3.805892369E-2,1.753053725E-1,-3.966790275E0
4.921094375E0,-4.791999250E-2,1.992739865E-1,-4.096997243E0
4.931076375E0,-5.395369779E-2,2.018146017E-1,-4.075646719E0
4.941058375E0,-5.370606364E-2,1.834445505E-1,-3.889164394E0
4.951040375E0,-3.819570285E-2,1.531067106E-1,-3.588662533E0
4.961022375E0,-2.472940989E-2,1.142759362E-1,-3.145533049E0
4.971004375E0,-1.706171846E-2,4.632646635E-2,-2.647717481E0
4.980986375E0,-1.444889928E-2,-8.228055686E-3,-2.079655802E0
4.990967375E0,8.669502195E-4,-6.203237996E-2,-1.366018335E0
5.000949375E0,1.349456060E-2,-1.146945968E-1,-6.026771951E-1
5.010931375E0,3.747485993E-2,-1.583649655E-1,1.281288671E-1
5.020913375E0,3.496803068E-2,-1.744683436E-1,8.576684225E-1
5.030895375E0,3.456879376E-2,-1.786654750E-1,1.564614921E0
5.040877375E0,4.140309250E-2,-1.922535270E-1,2.216632676E0
5.050859375E0,5.329081083E-2,-1.802722898E-1,2.830274570E0
5.060841375E0,3.646316372E-2,-1.772861168E-1,3.331934098E0
5.070823375E0,1.514297292E-2,-1.715187156E-1,3.660794955E0
5.080805375E0,-1.631555893E-4,-1.754921910E-1,3.885944332E0
5.090787375E0,-1.353749195E-2,-1.827412766E-1,4.019103559E0
5.100769375E0,-6.212885901E-3,-2.059965304E-1,3.995853860E0
5.110751375E0,-5.398021583E-3,-2.286071286E-1,3.811368359E0
5.120732375E0,-3.235324720E-2,-2.456614101E-1,3.518141604E0
5.130714375E0,-4.539480390E-2,-2.704474649E-1,3.072114240E0
5.140696375E0,-4.193107780E-2,-3.034883264E-1,2.523850649E0
5.150678375E0,-3.422556220E-2,-3.207494532E-1,1.948111576E0
5.160660375E0,-2.456765215E-2,-3.158711211E-1,1.276612653E0
5.170642375E0,-3.491508597E-2,-2.996279946E-1,5.097245926E-1
5.180624375E0,-2.818833031E-2,-2.543163125E-1,-2.262276042E-1
5.190606375E0,-2.780076041E-2,-2.160448243E-1,-9.225713468E-1
5.200588375E0,-5.526121287E-3,-1.604737638E-1,-1.618412229E0
5.210570375E0,-3.703982709E-3,-7.628072888E-2,-2.239381269E0
5.220552375E0,7.700271383E-3,1.177790031E-2,-2.796899248E0
5.230534375E0,9.870885741E-3,8.778644130E-2,-3.298948785E0
5.240516375E0,2.347371119E-2,1.649109234E-1,-3.614414256E0
5.250497375E0,4.283725918E-2,2.136772867E-1,-3.821464162E0
5.260479375E0,3.151867594E-2,2.336309101E-1,-3.934154626E0
5.270461375E0,2.605166635E-2,2.491190149E-1,-3.940380156E0
5.280443375E0,1.361295758E-2,2.307118338E-1,-3.769884703E0
5.290425375E0,-6.172585795E-3,1.912055598E-1,-3.497576947E0
5.300407375E0,-2.003480835E-2,1.176651286E-1,-3.078366668E0
5.310389375E0,-4.679974364E-2,4.836509809E-2,-2.580510753E0
5.320371375E0,-7.505368154E-2,-2.038047016E-2,-2.045061920E0
5.330353375E0,-8.453126893E-2,-8.065459237E-2,-1.373037332E0
5.340335375E0,-6.556811817E-2,-1.291953993E-1,-6.388562572E-1
5.350317375E0,-5.219701605E-2,-1.763818449E-1,5.497552156E-2
5.360299375E0,-4.847709968E-2,-1.860366212E-1,7.536961573E-1
5.370281375E0,-4.178493395E-2,-1.831880039E-1,1.456920319E0
5.380263375E0,-8.888900690E-3,-1.929999241E-1,2.076671383E0
5.390244375E0,2.715308078E-2,-1.844799462E-1,2.643266580E0
5.400226375E0,4.961075602E-2,-1.765771419E-1,3.145114973E0
5.410208375E0,5.605394913E-2,-1.713038304E-1,3.503398435E0
5.420190375E0,5.892200841E-2,-1.563931382E-1,3.701548879E0
5.430172375E0,5.591811100E-2,-1.539867166E-1,3.837796605E0
5.440154375E0,6.719086669E-2,-1.712596840E-1,3.832407811E0
5.450136375E0,7.614156514E-2,-1.915150237E-1,3.664286912E0
5.460118375E0,4.869245080E-2,-2.032690966E-1,3.387660402E0
5.470100375E0,2.302556779E-2,-2.216050878E-1,2.983050036E0
5.480082375E0,7.993637156E-3,-2.481242573E-1,2.474576163E0
5.490064375E0,-8.457906079E-3,-2.574344864E-1,1.908106681E0
5.500046375E0,-1.957592983E-2,-2.700125782E-1,1.277354665E0
5.510028375E0,-3.807739723E-2,-2.643315697E-1,5.754127979E-1
5.520010375E0,-4.784659624E-2,-2.265554868E-1,-1.249181610E-1
5.529991375E0,-6.176405671E-2,-1.936572973E-1,-8.176214272E-1
5.539973375E0,-5.103052394E-2,-1.335601996E-1,-1.487343966E0
5.549955375E0,-5.360685283E-2,-7.342173278E-2,-2.080442837E0
5.559937375E0,-4.785362204E-2,1.750071645E-3,-2.619728029E0
5.569919375E0,-4.379456716E-2,6.821756467E-2,-3.092803443E0
5.579901375E0,-3.265190287E-2,1.279037493E-1,-3.447178625E0
5.589883375E0,-1.424522432E-2,1.678102653E-1,-3.642195547E0
5.599865375E0,-2.325127032E-3,2.007360828E-1,-3.771868663E0
5.609847375E0,7.021756824E-3,1.981855273E-1,-3.784793349E0
5.619829375E0,1.458523991E-3,1.909034050E-1,-3.645470572E0
5.629811375E0,2.084259205E-2,1.681979357E-1,-3.391769825E0
5.639793375E0,1.831865055E-2,1.292374992E-1,-2.987813178E0
5.649774375E0,1.847356522E-2,7.583034709E-2,-2.517483616E0
5.659756375E0,1.755648427E-2,8.449226618E-3,-2.004637780E0
5.669738375E0,4.443518445E-3,-5.249586359E-2,-1.399590708E0
5.679720375E0,-3.895707428E-5,-9.733903751E-2,-6.889025760E-1
5.689702375E0,-4.279997405E-3,-1.536095712E-1,-9.935004115E-3
5.699684375E0,-2.416313446E-2,-1.822657518E-1,6.630403411E-1
5.709666375E0,-3.317425109E-2,-1.881037581E-1,1.329797173E0
5.719648375E0,-3.377315216E-2,-1.981030816E-1,1.931470985E0
5.729630375E0,-1.805569030E-2,-1.965749118E-1,2.475659067E0
5.739612375E0,-5.780520849E-4,-1.822176585E-1,2.982494550E0
5.749594375E0,-6.276182011E-3,-1.620365784E-1,3.334670010E0
5.759576375E0,-3.718500249E-3,-1.667158127E-1,3.535999585E0
5.769558375E0,-4.169539846E-3,-1.574424210E-1,3.680670226E0
5.779540375E0,1.356451705E-2,-1.701323408E-1,3.691717370E0
5.789521375E0,2.259868450E-2,-1.894407240E-1,3.533095273E0
5.799503375E0,1.714480374E-2,-2.030395934E-1,3.282033960E0
5.809485375E0,5.400049835E-3,-2.082786986E-1,2.892840947E0
5.819467375E0,1.053545834E-2,-2.369250852E-1,2.400004867E0
5.829449375E0,1.321626054E-2,-2.354572879E-1,1.872364991E0
5.839431375E0,1.209534016E-2,-2.250850582E-1,1.282092664E0
5.849413375E0,3.749225540E-3,-2.220054759E-1,6.095500124E-1
5.859395375E0,-5.910922894E-3,-1.800020023E-1,-6.589461207E-2
5.869377375E0,-2.537141589E-2,-1.420619050E-1,-7.277690184E-1
5.879359375E0,-2.433562732E-2,-9.861972392E-2,-1.390492440E0
5.889341375E0,-2.215596805E-2,-3.928364128E-2,-1.959852201E0
5.899323375E0,-2.700126330E-2,2.513557211E-2,-2.458628467E0
5.909305375E0,-2.726813388E-2,7.895524532E-2,-2.935487614E0
5.919286375E0,-2.730843399E-2,1.328594108E-1,-3.284199768E0
5.929268375E0,-2.133981552E-2,1.745988826E-1,-3.487261289E0
5.939250375E0,-1.620567695E-2,1.993096545E-1,-3.604373417E0
5.949232375E0,-1.897447061E-2,2.025120284E-1,-3.616499957E0
5.959214375E0,-2.142000460E-2,1.966265135E-1,-3.485005433E0
5.969196375E0,-1.544951320E-2,1.681184135E-1,-3.267123560E0
5.979178375E0,-1.224854635E-3,1.287523265E-1,-2.906459112E0
5.989160375E0,1.518503632E-3,6.960350096E-2,-2.442245738E0
5.999142375E0,4.542427752E-3,2.881975651E-2,-1.954962759E0
6.009124375E0,5.858900947E-3,-2.618807092E-2,-1.372654924E0
6.019106375E0,1.893364973E-3,-7.296521142E-2,-7.103893393E-1
6.029088375E0,1.641076804E-2,-1.245779993E-1,-5.449546516E-2
6.039070375E0,1.033063221E-2,-1.559984511E-1,6.047973955E-1
6.049051375E0,-4.409339642E-3,-1.801389733E-1,1.249241837E0
6.059033375E0,-1.584069192E-2,-1.805827770E-1,1.818252518E0
6.069015375E0,-1.654005546E-2,-1.796317273E-1,2.339794334E0
6.078997375E0,3.651787173E-3,-1.746297267E-1,2.814666013E0
6.088979375E0,9.832842294E-3,-1.593711251E-1,3.183948087E0
6.098961375E0,-5.565233678E-3,-1.605452460E-1,3.397365611E0
6.108943375E0,5.644061454E-3,-1.599643251E-1,3.519101717E0
6.118925375E0,8.192442488E-3,-1.571819276E-1,3.521732964E0
6.128907375E0,1.153408969E-2,-1.782535386E-1,3.386086332E0
6.138889375E0,1.393893985E-2,-1.776179463E-1,3.162868289E0
6.148871375E0,1.312312536E-2,-1.982054079E-1,2.813555042E0
6.158853375E0,1.318616565E-2,-2.188136271E-1,2.341180124E0
6.168834375E0,-1.020742955E-2,-2.344169220E-1,1.815859838E0
6.178816375E0,8.306645919E-3,-2.214296713E-1,1.243280600E0
6.188798375E0,3.876073575E-3,-2.212658031E-1,6.190032059E-1
6.198780375E0,1.588944308E-3,-1.932814676E-1,-3.659362972E-2
6.208762375E0,-1.326937884E-2,-1.469332203E-1,-6.685916877E-1
6.218744375E0,-8.638767768E-3,-1.043689987E-1,-1.302971317E0
6.228726375E0,-1.762703458E-2,-4.579846278E-2,-1.865728986E0
6.238708375E0,-1.727115842E-2,2.464411363E-2,-2.342644266E0
6.248690375E0,-2.495270044E-2,7.178480476E-2,-2.792251296E0
6.258672375E0,-3.130762800E-2,1.281971334E-1,-3.136595580E0
6.268654375E0,-3.657016777E-2,1.671667792E-1,-3.346570848E0
6.278636375E0,-2.895967855E-2,1.880433856E-1,-3.464867622E0
6.288618375E0,-2.575689359E-2,1.896749049E-1,-3.470645256E0
6.298599375E0,-2.669054775E-2,1.706372479E-1,-3.352768897E0
6.308581375E0,-3.044042196E-2,1.585639170E-1,-3.160734056E0
6.318563375E0,-2.188578101E-2,1.317523867E-1,-2.825721928E0
6.328545375E0,-8.190825367E-3,8.600713357E-2,-2.362587365E0
6.338527375E0,-3.238708796E-3,4.185817033E-2,-1.882521604E0
6.348509375E0,6.317742923E-3,-1.173594654E-2,-1.360724266E0
6.358491375E0,-1.877467856E-3,-4.270864785E-2,-7.396528995E-1
6.368473375E0,1.045945368E-2,-7.668637946E-2,-9.880741954E-2
6.378455375E0,2.125093784E-2,-1.224275395E-1,5.481396300E-1
6.388437375E0,1.930840144E-2,-1.365792632E-1,1.173273641E0
6.398419375E0,4.959352501E-3,-1.342310214E-1,1.724072000E0
6.408401375E0,1.504981946E-3,-1.517308608E-1,2.224833981E0
6.418383375E0,1.276132889E-2,-1.521594617E-1,2.671230304E0
6.428364375E0,2.842291329E-2,-1.448910803E-1,3.034206741E0
6.438346375E0,2.883517854E-2,-1.425548252E-1,3.258035232E0
6.448328375E0,1.254194867E-2,-1.440914735E-1,3.382044736E0
6.458310375E0,2.003000267E-3,-1.388020822E-1,3.382807798E0
6.468292375E0,3.624835163E-3,-1.600537875E-1,3.260706825E0
6.478274375E0,6.681211330E-3,-1.786698604E-1,3.053893147E0
6.488256375E0,7.991225179E-3,-1.790157232E-1,2.744141575E0
6.498238375E0,4.067469388E-3,-2.004308581E-1,2.288441747E0
6.508220375E0,-1.964189373E-3,-2.125430730E-1,1.776242028E0
6.518202458E0,-3.280890975E-3,-2.104885076E-1,1.224872981E0
6.528184458E0,1.635201266E-3,-2.021423382E-1,6.294714761E-1
6.538166458E0,8.055919139E-3,-1.841457778E-1,1.592021406E-2
6.548148458E0,-1.102365517E-2,-1.383946775E-1,-6.030894238E-1
6.558129458E0,-1.190547924E-2,-9.897216484E-2,-1.225696853E0
6.568111458E0,-1.421261695E-2,-4.580942631E-2,-1.774757420E0
6.578093458E0,-1.127865773E-2,1.264781982E-2,-2.216103503E0
6.588075458E0,-1.074857108E-2,6.737600416E-2,-2.646888345E0
6.598057458E0,-2.111456981E-2,1.133263484E-1,-2.993601336E0
6.608039458E0,-2.046173732E-2,1.592212902E-1,-3.231790005E0
6.618021458E0,-1.447242519E-2,1.814736003E-1,-3.339474667E0
6.628003458E0,-1.879285061E-2,1.904217406E-1,-3.338456667E0
6.637985458E0,-2.629992633E-2,1.799452843E-1,-3.229077482E0
6.647967458E0,-2.594619719E-2,1.569728896E-1,-3.051154895E0
6.657949458E0,-2.952992826E-2,1.265714613E-1,-2.753166752E0
6.667931458E0,-1.937178891E-2,8.076305822E-2,-2.316350507E0
6.677912458E0,-1.389058155E-2,3.578189000E-2,-1.827991641E0
6.687894458E0,-5.141136954E-3,-1.136450216E-2,-1.330351489E0
6.697876458E0,-2.167218405E-2,-4.135721013E-2,-7.397710133E-1
6.707858458E0,-1.027237932E-2,-8.625564024E-2,-1.455132240E-1
6.717840458E0,1.028680550E-3,-1.106581177E-1,4.770041585E-1
6.727822458E0,7.445223145E-3,-1.240236832E-1,1.097625289E0
6.737804458E0,1.803334298E-2,-1.180649319E-1,1.634899623E0
6.747786458E0,4.005781263E-3,-1.169536686E-1,2.106889794E0
6.757768458E0,1.064268166E-2,-1.266819736E-1,2.541008134E0
6.767750458E0,8.090426847E-3,-1.302364960E-1,2.897314652E0
6.777732458E0,1.407784777E-2,-1.330513456E-1,3.128489000E0
6.787714458E0,7.615249213E-3,-1.386751977E-1,3.250188269E0
6.797696458E0,-1.850691263E-2,-1.440441111E-1,3.255942514E0
6.807677458E0,-8.164321035E-3,-1.649885452E-1,3.131457047E0
6.817659458E0,1.145591972E-2,-1.685644099E-1,2.942822946E0
6.827641458E0,2.675415449E-2,-1.811607742E-1,2.661276004E0
6.837623458E0,1.915564293E-2,-1.989939049E-1,2.232104409E0
6.847605458E0,-2.479255982E-3,-1.968082157E-1,1.733450350E0
6.857587458E0,-1.077821829E-2,-1.975535895E-1,1.198005025E0
6.867569458E0,2.138609989E-3,-1.896257883E-1,6.281915206E-1
6.877551458E0,7.812702376E-3,-1.715611079E-1,4.407865047E-2
6.887533458E0,-5.155033227E-3,-1.461745441E-1,-5.441319484E-1
6.897515458E0,-2.680115148E-2,-1.086791275E-1,-1.154838540E0
6.907497458E0,-3.197751791E-2,-5.122321710E-2,-1.691248655E0
6.917479458E0,-1.263491026E-2,3.668543100E-3,-2.133061931E0
6.927461458E0,-4.712938042E-3,5.923331782E-2,-2.529561040E0
6.937442458E0,-1.391167721E-2,1.061930376E-1,-2.858128951E0
6.947424458E0,-2.907950993E-2,1.517364156E-1,-3.098916707E0
6.957406458E0,-2.020895488E-2,1.749315892E-1,-3.232462435E0
6.967388458E0,-1.246987260E-2,1.941019781E-1,-3.224301476E0
6.977370458E0,-8.112162044E-3,1.994115423E-1,-3.100227068E0
6.987352458E0,-3.746868381E-3,1.840643553E-1,-2.940955930E0
6.997334458E0,-8.450195063E-3,1.631538351E-1,-2.682443510E0
7.007316458E0,2.116079936E-3,1.225921386E-1,-2.272496390E0
7.017298458E0,7.566086920E-3,7.047912151E-2,-1.794936161E0
7.027280458E0,5.237076972E-3,3.384777725E-2,-1.286907261E0
7.037262458E0,1.141614038E-3,-6.086366773E-3,-7.248372245E-1
7.047244458E0,-1.063614009E-2,-5.196683675E-2,-1.610948843E-1
7.057225458E0,-3.440136239E-3,-8.184815526E-2,4.217584956E-1
7.067207458E0,-1.842421107E-4,-1.088128826E-1,1.023550422E0
7.077189458E0,6.623068079E-4,-1.235016730E-1,1.569635341E0
7.087171458E0,-8.951904438E-3,-1.191434509E-1,2.014546471E0
7.097153458E0,-1.753954561E-2,-1.113254312E-1,2.438184262E0
7.107135458E0,-1.308411347E-2,-1.180257556E-1,2.774038973E0
7.117117458E0,2.491772678E-3,-1.244041908E-1,3.006439483E0
7.127099458E0,1.002905292E-2,-1.267594492E-1,3.137018334E0
7.137081458E0,1.448245682E-3,-1.378372917E-1,3.146627648E0
7.147063458E0,-1.115751073E-2,-1.418639767E-1,3.031746233E0
7.157045458E0,3.212460279E-3,-1.656220910E-1,2.834048363E0
7.167027458E0,1.214530645E-2,-1.789394170E-1,2.562721769E0
7.177008458E0,2.338274131E-2,-1.977010855E-1,2.166007483E0
7.186990458E0,1.014827217E-2,-2.093176027E-1,1.689704406E0
7.196972458E0,-1.442745645E-3,-2.079544705E-1,1.180453438E0
7.206954458E0,3.261010442E-4,-2.050894810E-1,6.114667296E-1
7.216936458E0,3.543942589E-3,-1.800989199E-1,5.451709986E-2
7.226918458E0,-8.235803246E-4,-1.530824447E-1,-5.059361815E-1
7.236900458E0,-8.560999800E-3,-1.144830738E-1,-1.096152960E0
7.246882458E0,-2.027508323E-2,-5.290312216E-2,-1.619691015E0
7.256864458E0,-1.680259544E-2,9.488569200E-4,-2.060586278E0
7.266846458E0,-1.017651239E-2,4.639984891E-2,-2.429479512E0
7.276828458E0,-5.241151750E-3,1.034770060E-1,-2.751335989E0
7.286810458E0,-2.088820034E-2,1.529394802E-1,-2.978433074E0
7.296791458E0,-1.465096626E-2,1.768430440E-1,-3.117847652E0
7.306773458E0,-1.237508375E-3,1.933425710E-1,-3.127130107E0
7.316755458E0,2.013168940E-3,1.968133320E-1,-3.011916570E0
7.326737458E0,-5.047398778E-3,1.725773540E-1,-2.841455031E0
7.336719458E0,-1.544402230E-2,1.548943506E-1,-2.585069827E0
7.346701458E0,-3.340740882E-2,1.142326668E-1,-2.203370606E0
7.356683458E0,-3.528598216E-2,6.342343256E-2,-1.750275713E0
7.366665458E0,-2.458045207E-2,1.983711764E-2,-1.262071797E0
7.376647458E0,-3.386282469E-2,-1.107930422E-2,-6.986188942E-1
7.386629458E0,-3.693380062E-2,-4.401272312E-2,-1.611703134E-1
7.396611458E0,-2.676525506E-2,-6.258143350E-2,3.908542067E-1
7.406593458E0,-9.815538190E-3,-7.844390631E-2,9.830929524E-1
7.416574458E0,-5.581642427E-3,-9.383260846E-2,1.515532808E0
7.426556458E0,8.714909479E-4,-9.581861526E-2,1.948461825E0
7.436538458E0,7.963359542E-4,-9.292278171E-2,2.343927146E0
7.446520458E0,1.738377213E-3,-8.438087672E-2,2.653157145E0
7.456502458E0,2.323588483E-2,-8.926593304E-2,2.888252052E0
7.466484458E0,3.626291486E-2,-1.023903009E-1,3.041750818E0
7.476466458E0,3.591182610E-2,-1.265857869E-1,3.049691337E0
7.486448458E0,1.225591019E-2,-1.318012109E-1,2.943100104E0
7.496430458E0,8.726640455E-3,-1.543188384E-1,2.755678132E0
7.506412458E0,1.803180808E-2,-1.813607490E-1,2.488760338E0
7.516394708E0,2.171032799E-2,-2.048364428E-1,2.105387059E0
7.526376708E0,8.276359169E-3,-2.059355731E-1,1.666658775E0
7.536357708E0,-1.468131697E-2,-1.987130924E-1,1.163635091E0
7.546339708E0,-1.479652539E-2,-1.983072956E-1,6.037022120E-1
7.556321708E0,-4.872886799E-3,-1.690586458E-1,6.650389194E-2
7.566303708E0,-4.979306124E-3,-1.278597490E-1,-4.618996310E-1
7.576285708E0,-1.608638462E-2,-1.044650392E-1,-1.017650582E0
7.586267708E0,-1.972948319E-2,-5.387931481E-2,-1.549058989E0
7.596249708E0,-2.602067610E-2,3.638137579E-3,-1.985332612E0
7.606231708E0,-1.607615199E-2,4.969914034E-2,-2.353918868E0
7.616213708E0,-1.654922828E-2,9.141522333E-2,-2.650227690E0
7.626195708E0,-2.314248470E-2,1.320988342E-1,-2.864151583E0
7.636177708E0,-4.101850103E-2,1.637028886E-1,-3.011385643E0
7.646159708E0,-3.362656977E-2,1.720829719E-1,-3.040393680E0
7.656140708E0,-2.195550906E-2,1.748937285E-1,-2.915915229E0
7.666122708E0,-1.900134953E-2,1.686279984E-1,-2.754843734E0
7.676104708E0,-1.819324605E-2,1.407090054E-1,-2.504764752E0
7.686086708E0,-2.446528019E-2,1.216865511E-1,-2.139375170E0
7.696068708E0,-1.292515143E-2,8.540443182E-2,-1.723925235E0
7.706050708E0,1.440205760E-3,4.735908464E-2,-1.246503586E0
7.716032708E0,6.968373572E-3,1.096440643E-2,-6.924500817E-1
7.726014708E0,8.148497008E-3,-1.710909918E-2,-1.721864676E-1
7.735996708E0,-8.896483798E-3,-4.636271909E-2,3.515825522E-1
7.745978708E0,6.861278163E-3,-6.883254558E-2,9.252113646E-1
7.755960708E0,5.867077913E-3,-8.182388932E-2,1.448428992E0
7.765942708E0,5.489475690E-3,-9.357679278E-2,1.874907360E0
7.775923708E0,-4.431677833E-3,-9.669715941E-2,2.260104386E0
7.785905708E0,-1.632025497E-2,-9.387529314E-2,2.563383674E0
7.795887708E0,-1.189223165E-2,-1.054314378E-1,2.790301834E0
7.805869708E0,-2.043784596E-4,-1.127351949E-1,2.930081863E0
7.815851708E0,9.285214003E-3,-1.142130786E-1,2.968275876E0
7.825833708E0,6.400892157E-3,-1.201333845E-1,2.850648608E0
7.835815708E0,3.835462835E-3,-1.372148556E-1,2.664907125E0
7.845797708E0,8.263650611E-3,-1.487791863E-1,2.406384764E0
7.855779708E0,2.330073411E-2,-1.617626363E-1,2.045120392E0
7.865761708E0,1.627580700E-2,-1.785244109E-1,1.624852352E0
7.875743708E0,1.420263100E-2,-1.789802013E-1,1.154545594E0
7.885725708E0,-2.523621731E-4,-1.746317732E-1,5.941753435E-1
7.895706708E0,-2.968074074E-3,-1.546179235E-1,6.186120272E-2
7.905688708E0,2.300331183E-3,-1.230458826E-1,-4.471921295E-1
7.915670708E0,-2.164209830E-3,-8.581885323E-2,-9.648297590E-1
7.925652708E0,-2.267030376E-2,-4.172821596E-2,-1.481724207E0
7.935634708E0,-4.072114270E-2,4.462594986E-3,-1.916680453E0
7.945616708E0,-2.512069825E-2,4.319367439E-2,-2.280252721E0
7.955598708E0,-2.660406377E-2,8.831225216E-2,-2.565813192E0
7.965580708E0,-3.177417185E-2,1.148489633E-1,-2.757099590E0
7.975562708E0,-3.142982567E-2,1.453021395E-1,-2.918442981E0
7.985544708E0,-2.771686200E-2,1.629518138E-1,-2.942925857E0
7.995526708E0,-1.922878794E-2,1.747506179E-1,-2.839889731E0
8.005507708E0,-4.991895910E-3,1.661844470E-1,-2.660389566E0
8.015489708E0,-3.559574755E-3,1.431974342E-1,-2.431467565E0
8.025471708E0,-9.587633824E-3,1.258800280E-1,-2.098042372E0
8.035453708E0,2.994870767E-5,9.225970745E-2,-1.689064136E0
8.045435708E0,2.410085248E-3,5.370068237E-2,-1.213527043E0
8.055417708E0,8.041045284E-3,2.013094023E-2,-6.846042877E-1
8.065399708E0,-2.194304718E-3,-2.092543066E-2,-1.636518717E-1
8.075381708E0,-1.850651063E-2,-4.691148028E-2,3.333404088E-1
8.085363708E0,-2.702820618E-2,-6.181764096E-2,8.718859273E-1
8.095345708E0,-2.073414448E-2,-8.492510632E-2,1.379883837E0
8.105327708E0,-8.079609498E-3,-9.558151066E-2,1.806904242E0
8.115309708E0,-1.159289075E-2,-8.982931226E-2,2.202854882E0
8.125290708E0,-1.214479482E-2,-8.306963861E-2,2.491270548E0
8.135272708E0,-8.531489633E-3,-9.574640214E-2,2.679825711E0
8.145254708E0,2.527020425E-3,-1.033904672E-1,2.829858248E0
8.155236708E0,2.159299996E-2,-1.040979803E-1,2.858010837E0
8.165218708E0,2.030564407E-2,-1.178506315E-1,2.774183400E0
8.175200708E0,7.897907272E-3,-1.274038124E-1,2.580945202E0
8.185182708E0,6.581077762E-3,-1.255274409E-1,2.320987349E0
8.195164708E0,1.899177471E-2,-1.471019125E-1,1.978252219E0
8.205146708E0,1.629217006E-2,-1.654077905E-1,1.585803477E0
8.215128708E0,4.124196516E-3,-1.709616221E-1,1.124645272E0
8.225110708E0,-1.196649129E-2,-1.596664095E-1,5.778411466E-1
8.235092708E0,-1.952314957E-2,-1.429040502E-1,5.741848826E-2
8.245074708E0,-1.720838307E-2,-1.178895155E-1,-4.261848378E-1
8.255055708E0,-1.881542634E-2,-9.299134031E-2,-9.289828187E-1
8.265037708E0,-1.896089410E-2,-3.794535980E-2,-1.420161213E0
8.275019708E0,-2.849087804E-2,5.914458632E-3,-1.841753063E0
8.285001708E0,-2.697785617E-2,5.480609849E-2,-2.222879257E0
8.294983708E0,-2.108386279E-2,9.298929378E-2,-2.487032486E0
8.304965708E0,-1.378420791E-2,1.239906465E-1,-2.665198901E0
8.314947708E0,-1.420352636E-2,1.497426613E-1,-2.797209735E0
8.324929708E0,-1.830935896E-2,1.693289334E-1,-2.861251364E0
8.334911708E0,-1.620426997E-2,1.604337104E-1,-2.765945258E0
8.344893708E0,-4.422523286E-3,1.510351883E-1,-2.591571931E0
8.354875708E0,-1.190947180E-2,1.294860059E-1,-2.348233035E0
8.364857708E0,-2.355299578E-2,9.648812145E-2,-2.017851318E0
8.374838708E0,-3.087804037E-2,6.493332982E-2,-1.655420426E0
8.384820708E0,-1.985606628E-2,2.600359127E-2,-1.201961251E0
8.394802708E0,-1.320435598E-2,-2.393996269E-3,-6.690331525E-1
8.404784708E0,-6.899559153E-3,-2.870208129E-2,-1.659919274E-1
8.414766708E0,-6.463941587E-3,-6.104624704E-2,3.121296340E-1
8.424748708E0,-1.011233920E-2,-6.174075007E-2,8.274535203E-1
8.434730708E0,9.911121894E-4,-6.357326746E-2,1.312600511E0
8.444712708E0,6.302275211E-3,-7.888741761E-2,1.742141651E0
8.454694708E0,1.021068206E-2,-7.625120044E-2,2.120221446E0
8.464676708E0,4.723855890E-3,-7.232450277E-2,2.401177234E0
8.474658708E0,3.653906789E-3,-7.550831169E-2,2.578951301E0
8.484640708E0,4.856350143E-3,-7.653274387E-2,2.717894593E0
8.494622708E0,1.158432093E-2,-9.120516211E-2,2.763568949E0
8.504603708E0,1.752410531E-2,-1.153503621E-1,2.675401708E0
8.514585750E0,2.079562247E-3,-1.215177128E-1,2.506483834E0
8.524567750E0,-8.379644752E-3,-1.343529359E-1,2.239308763E0
8.534549750E0,3.757201508E-4,-1.557636854E-1,1.901411034E0
8.544531750E0,5.113234771E-3,-1.609666841E-1,1.529132262E0
8.554513750E0,4.558690321E-3,-1.605043155E-1,1.106724141E0
8.564495750E0,-7.989516696E-3,-1.594412917E-1,5.873598289E-1
8.574477750E0,-2.148301749E-2,-1.323983578E-1,6.056896806E-2
8.584459750E0,-6.597788008E-3,-1.098645043E-1,-4.214176029E-1
8.594441750E0,-6.884840615E-3,-7.266364127E-2,-8.867320079E-1
8.604423750E0,-1.269342810E-2,-3.601402447E-2,-1.362709395E0
8.614405750E0,-2.383656747E-2,1.701627463E-2,-1.776388793E0
8.624387750E0,-3.259145728E-2,6.382469773E-2,-2.133254305E0
8.634369750E0,-2.511823146E-2,8.832453132E-2,-2.413920656E0
8.644350750E0,-1.456290171E-2,1.215688759E-1,-2.591435691E0
8.654332750E0,-1.393532189E-2,1.437827405E-1,-2.701429419E0
8.664314750E0,-1.700825298E-2,1.584107199E-1,-2.763446158E0
8.674296750E0,-1.500189057E-2,1.667603977E-1,-2.688609399E0
8.684278750E0,-1.474096770E-2,1.563684337E-1,-2.516200152E0
8.694260750E0,-3.944495134E-4,1.290949734E-1,-2.272395233E0
8.704242750E0,-5.755432639E-3,1.058492213E-1,-1.947885289E0
8.714224750E0,-2.268086529E-2,7.542952046E-2,-1.589296603E0
8.724206750E0,-2.847833393E-2,3.720597938E-2,-1.184257051E0
8.734188750E0,-2.717688991E-2,9.558735788E-3,-6.578450900E-1
8.744170750E0,-1.038081776E-2,-1.459187284E-2,-1.548026955E-1
8.754152750E0,-1.835139496E-2,-3.907241061E-2,3.121957076E-1
8.764134750E0,-1.397310952E-2,-4.125386059E-2,7.949622971E-1
8.774116750E0,-1.029218677E-2,-6.880579457E-2,1.260721090E0
8.784097750E0,5.665403791E-4,-7.744607896E-2,1.669026897E0
8.794079750E0,1.525666472E-3,-8.187592953E-2,2.048807647E0
8.804061750E0,-3.566966001E-3,-7.720809728E-2,2.322009442E0
8.814043750E0,-1.269991485E-2,-8.918231785E-2,2.491237219E0
8.824025750E0,-9.598624762E-3,-9.223924220E-2,2.614298304E0
8.834007750E0,1.032970944E-2,-9.444247305E-2,2.668863936E0
8.843989750E0,2.827037405E-2,-1.105407348E-1,2.598434224E0
8.853971750E0,2.237554014E-2,-1.215007558E-1,2.429289477E0
8.863953750E0,2.841509264E-3,-1.233072531E-1,2.186551090E0
8.873935750E0,1.199131454E-2,-1.253881310E-1,1.833847042E0
8.883917750E0,1.801042920E-2,-1.317101406E-1,1.480246031E0
8.893899750E0,1.248009609E-2,-1.369143087E-1,1.077996771E0
8.903881750E0,-1.385717019E-3,-1.424263327E-1,5.869429225E-1
8.913863750E0,-2.183722171E-2,-1.219555230E-1,6.827325940E-2
8.923844750E0,-2.686742602E-2,-1.025056373E-1,-4.064142323E-1
8.933826750E0,-1.892653258E-2,-6.921436876E-2,-8.651218683E-1
8.943808750E0,-2.478857640E-2,-3.237530217E-2,-1.311347453E0
8.953790750E0,-3.222536677E-2,4.573253542E-3,-1.707920821E0
8.963772750E0,-3.079079809E-2,5.528001532E-2,-2.070842879E0
8.973754750E0,-2.873706409E-2,9.358176291E-2,-2.357162318E0
8.983736750E0,-3.639434930E-3,1.329248996E-1,-2.502088482E0
8.993718750E0,-2.187041380E-3,1.526767941E-1,-2.623562633E0
9.003700750E0,-3.967491137E-3,1.721404208E-1,-2.670321647E0
9.013682750E0,-1.860127207E-3,1.803649682E-1,-2.600966068E0
9.023664750E0,-9.429192552E-3,1.611232433E-1,-2.448354324E0
9.033646750E0,7.910186425E-5,1.348658828E-1,-2.196377921E0
9.043628750E0,-1.109500034E-3,1.062902476E-1,-1.874993314E0
9.053610750E0,-1.599755262E-2,7.455097631E-2,-1.553138006E0
9.063592750E0,-2.843700143E-2,4.458589643E-2,-1.152439427E0
9.073573750E0,-1.843790635E-2,1.792332396E-2,-6.452800083E-1
9.083555750E0,-7.708274759E-3,-5.678815842E-3,-1.546839970E-1
9.093537750E0,-5.854387628E-3,-2.941953465E-2,3.023712158E-1
9.103519750E0,-1.698843640E-2,-4.384359241E-2,7.717114288E-1
9.113501750E0,-2.541135055E-2,-6.250103429E-2,1.207655270E0
9.123483750E0,-1.209872972E-2,-6.489970833E-2,1.604277170E0
9.133465750E0,-1.909134183E-3,-6.622205615E-2,1.979363775E0
9.143447750E0,8.834960125E-4,-7.804629564E-2,2.259968145E0
9.153429750E0,-4.935050011E-3,-8.386778355E-2,2.414959706E0
9.163411750E0,-1.054960130E-2,-8.806199133E-2,2.532548967E0
9.173393750E0,1.629505713E-2,-9.424103647E-2,2.581151024E0
9.183375750E0,2.814767389E-2,-1.078948697E-1,2.515975619E0
9.193357750E0,1.923580460E-2,-1.171615371E-1,2.350614606E0
9.203339750E0,-3.157880176E-3,-1.176699525E-1,2.116141258E0
9.213320750E0,-4.020901797E-3,-1.283003367E-1,1.777769905E0
9.223302750E0,7.662017802E-3,-1.321109672E-1,1.432977140E0
9.233284750E0,1.664525053E-2,-1.357824339E-1,1.043637947E0
9.243266750E0,8.100220934E-3,-1.301673527E-1,5.722617334E-1
9.253248750E0,-1.226120923E-2,-1.063669923E-1,6.300842643E-2
9.263230750E0,-1.636500444E-2,-8.751235306E-2,-4.028526932E-1
9.273212750E0,-1.181562399E-2,-5.656450242E-2,-8.457681692E-1
9.283194750E0,-1.556025398E-2,-4.067074701E-2,-1.269149852E0
9.293176750E0,-2.648486280E-2,8.352747560E-3,-1.649501874E0
9.303158750E0,-3.949870004E-2,5.376821771E-2,-1.999389319E0
9.313140750E0,-3.415489311E-2,8.980636194E-2,-2.273102161E0
9.323122750E0,-2.793438756E-2,1.146454802E-1,-2.432154613E0
9.333104750E0,-2.175011647E-2,1.395182200E-1,-2.528142505E0
9.343086750E0,-2.260561894E-2,1.556416248E-1,-2.581814098E0
9.353068750E0,-2.354850987E-2,1.692105272E-1,-2.517780654E0
9.363050750E0,-2.295589456E-2,1.600749837E-1,-2.379091716E0
9.373031750E0,3.418117817E-3,1.382540520E-1,-2.136888934E0
9.383013750E0,-7.365664467E-5,1.198226050E-1,-1.805930096E0
9.392995750E0,-1.077378720E-2,8.585291326E-2,-1.473966706E0
9.402977750E0,-1.563055761E-2,5.183278933E-2,-1.101844055E0
9.412959750E0,-9.757870026E-3,1.592883870E-2,-6.352941334E-1
9.422941750E0,-3.696034150E-3,-7.898418903E-3,-1.443624920E-1
9.432923750E0,-3.521229811E-3,-3.228803247E-2,3.118244094E-1
9.442905750E0,-2.470521703E-2,-4.857428223E-2,7.519975412E-1
9.452887750E0,-3.054131384E-2,-6.560985267E-2,1.172371416E0
9.462869750E0,-1.846728860E-2,-7.556883037E-2,1.559896218E0
9.472851750E0,7.715181783E-3,-7.379887819E-2,1.928909320E0
9.482833750E0,3.561685234E-4,-6.849077582E-2,2.204746456E0
9.492815750E0,-7.224417664E-3,-7.692860037E-2,2.354802967E0
9.502797750E0,-7.392561659E-3,-8.071145654E-2,2.440961105E0
9.512779750E0,6.485731602E-3,-9.173111916E-2,2.500933657E0
9.522760708E0,1.318740819E-2,-1.210680619E-1,2.429219311E0
9.532742708E0,1.914354650E-2,-1.119312027E-1,2.285508199E0
9.542724708E0,-8.419625089E-4,-1.246372023E-1,2.054720936E0
9.552706708E0,-2.453098828E-3,-1.388896443E-1,1.722817188E0
9.562688708E0,-2.910643453E-3,-1.391071607E-1,1.365883849E0
9.572670708E0,4.115032833E-3,-1.353140719E-1,9.980869675E-1
9.582652708E0,4.220136534E-3,-1.319566007E-1,5.622922307E-1
9.592634708E0,-1.038514836E-2,-1.119159999E-1,7.158278346E-2
9.602616708E0,-1.340833244E-2,-8.912866965E-2,-3.997478217E-1
9.612598708E0,-6.156706950E-3,-4.459203601E-2,-8.394771498E-1
9.622580708E0,-2.107912106E-3,-5.275650322E-3,-1.234272380E0
9.632562708E0,-7.662766976E-3,2.337526783E-2,-1.590778288E0
9.642544708E0,-1.380496552E-2,6.480366781E-2,-1.942593559E0
9.652526708E0,-2.261603429E-2,1.047321108E-1,-2.209471591E0
9.662508708E0,-1.959785689E-2,1.327749185E-1,-2.363995374E0
9.672490708E0,-8.626634795E-3,1.519255731E-1,-2.450745835E0
9.682471708E0,-1.234312506E-2,1.562921275E-1,-2.493174402E0
9.692453708E0,-2.382044194E-2,1.568373804E-1,-2.431085742E0
9.702435708E0,-2.384017630E-2,1.607115993E-1,-2.301412625E0
9.712417708E0,-1.446118757E-2,1.448551199E-1,-2.074489202E0
9.722399708E0,-5.963191520E-3,1.257546052E-1,-1.747197154E0
9.732381708E0,-5.854616035E-3,1.040870167E-1,-1.430205560E0
9.742363708E0,-2.109157381E-2,7.194399521E-2,-1.059923027E0
9.752345708E0,-1.324331305E-2,4.980000481E-2,-6.197563273E-1
9.762327708E0,-6.513980962E-4,1.284764841E-2,-1.391046757E-1
9.772309708E0,-4.659774061E-3,-1.104816779E-2,3.177172333E-1
9.782291708E0,-8.655295288E-3,-3.278489962E-2,7.575623363E-1
9.792273708E0,-2.126294291E-2,-3.919110909E-2,1.149067338E0
9.802255708E0,-2.023619011E-2,-5.563274860E-2,1.508582808E0
9.812237708E0,3.410936706E-3,-6.835570514E-2,1.858084336E0
9.822219708E0,7.600649446E-4,-8.078162313E-2,2.130963950E0
9.832201708E0,-3.542170152E-3,-8.697557867E-2,2.288196164E0
9.842182708E0,-1.277943699E-2,-8.807427049E-2,2.382860246E0
9.852164708E0,2.548527215E-3,-8.569065303E-2,2.405208889E0
9.862146708E0,1.563450448E-2,-1.061015287E-1,2.350162032E0
9.872128708E0,1.806400431E-2,-1.217410764E-1,2.222088128E0
9.882110708E0,5.165503398E-3,-1.273362771E-1,1.982705458E0
9.892092708E0,-4.943226976E-3,-1.359578504E-1,1.660209880E0
9.902074708E0,-4.314879701E-4,-1.412957735E-1,1.316609362E0
9.912056708E0,1.420539016E-2,-1.352691945E-1,9.613372171E-1
9.922038708E0,1.140439114E-2,-1.346014425E-1,5.243361998E-1
9.932020708E0,-3.348819176E-3,-1.132329391E-1,6.201381505E-2
9.942002708E0,-1.742645681E-2,-9.857528508E-2,-3.878604323E-1
9.951984708E0,-2.783322159E-2,-7.394652039E-2,-8.274465036E-1
9.961966708E0,-1.956123870E-2,-4.249610156E-2,-1.217357554E0
9.971948708E0,-2.123597262E-2,-2.909428328E-3,-1.554822004E0
9.981930708E0,-2.486094483E-2,3.525797948E-2,-1.889511366E0
9.991912708E0,-2.987154270E-2,8.898994446E-2,-2.157103343E0